file,タイトル,氏名,ページ数,目次
001卒業研究トップページ.docx,,,,ー
002目次.docx,,,,目次
003はしがき.docx,,,,はしがき
011概要タイトル.docx,,,,概要
012概要集.docx,,,,ー
021卒業研究.docx,,,,卒業研究本文
101aab.docx,七週間の滞在,山田　太郎,33,七週間の滞在（山田　太郎）
102aba.docx,大きな森で小さな家を作る方法,海田　治郎,19,大きな森で小さな家を作る方法（海田　治郎）
103bcs.docx,エコトピアに行った話,森上　三郎,31,エコトピアに行った話（森上　三郎）
104dew.docx,SNSとくるみわり人形,谷下　四郎,17,SNSとくるみわり人形（谷下　四郎）
105abbd.docx,自転車に乗ったスウェーデンの女の子,川中　五月,17,自転車に乗ったスウェーデンの女の子（川中　五月）
106zxa.docx,小さなフランス菓子みたいな名前の女の子,空野　六子,25,小さなフランス菓子みたいな名前の女の子（空野　六子）
107zcv.docx,牧場やパン屋をするくまさん,畑野　七海,22,牧場やパン屋をするくまさん（畑野　七海）
108xyw.docx,すべてはイシューからはじまる,林原　八子,31,すべてはイシューからはじまる（林原　八子）
